{"self-bleu": 0.05016584884497664, "fw-bleu": 0.19379651789241056, "bw-bleu": 0.0712034922477278, "fw-bw-bleu": 0.10414330816132167}