{"fw-bw-bleu": 0.00029083092603553325, "fw-bleu": 0.013983937576478716, "self-bleu": 0.005391027753119085, "bw-bleu": 0.00014694349156816382}